<?xml version="1.0" encoding="UTF-8"?>
<beans xmlns="http://www.springframework.org/schema/beans"
	xmlns:xsi="http://www.w3.org/2001/XMLSchema-instance" xmlns:context="http://www.springframework.org/schema/context"
	xmlns:tx="http://www.springframework.org/schema/tx" xmlns:mvc="http://www.springframework.org/schema/mvc"
	xsi:schemaLocation="http://www.springframework.org/schema/beans
		http://www.springframework.org/schema/beans/spring-beans.xsd
		http://www.springframework.org/schema/context
		http://www.springframework.org/schema/context/spring-context.xsd
		http://www.springframework.org/schema/tx 
		http://www.springframework.org/schema/tx/spring-tx.xsd
		http://www.springframework.org/schema/mvc 
		http://www.springframework.org/schema/mvc/spring-mvc.xsd">

	<!-- DispatcherServlet Context: defines this servlet's request-processing infrastructure -->

	<!-- Enables the Spring MVC @Controller programming model -->
	<!-- <annotation-driven /> -->
	<context:component-scan base-package="com.tclabs.rp" />
	<mvc:annotation-driven />
	<!-- Handles HTTP GET requests for /resources/** by efficiently serving up static resources in the ${webappRoot}/resources directory -->
		
	<mvc:resources mapping="/resources/**" location="/resources/" />
	
	<!-- Resolves views selected for rendering by @Controllers to .jsp resources in the /WEB-INF/views directory -->
	<bean class="org.springframework.web.servlet.view.InternalResourceViewResolver">
		<property name="prefix" value="/WEB-INF/pages/" />
		<property name="suffix" value=".jsp" />
	</bean>

	<bean id="messageSource" class="org.springframework.context.support.ReloadableResourceBundleMessageSource">
		<property name="basenames">
			<list>
				<value>classpath:/messages</value>
				<value>classpath:/mastertemplate</value>
			</list>
		</property>
	</bean>
	
	<context:property-placeholder location="classpath:/database.properties" />
	  <bean id="dataSource" class="org.apache.commons.dbcp.BasicDataSource" destroy-method="close">
		<property name="driverClassName" value="com.mysql.jdbc.Driver" />
		<property name="url" value="jdbc:mysql://localhost:3306/rapidpromos" />
		<property name="username" value="root" />
		<property name="password" value="root" />
	</bean>
	<!-- <bean id="dataSource" class="org.springframework.jndi.JndiObjectFactoryBean">
        <property name="jndiName" value="java:comp/env/jdbc/makemymealDB"/>
        <property name="resourceRef" value="true" />
    </bean>
 -->
 
 	<!-- <bean id="dataSource" class="org.springframework.jndi.JndiObjectFactoryBean">
        <property name="jndiName" value="java:comp/env/jdbc/makemymealDB"/>
        <property name="resourceRef" value="true" />
    </bean>
    -->
    
    <bean id="sessionFactory" class="org.springframework.orm.hibernate3.annotation.AnnotationSessionFactoryBean">
		<property name="dataSource" ref="dataSource"></property>
		<property name="packagesToScan">
			<list>
				<value>com.tclabs.rp.model</value>
			</list>
		</property>
		<property name="hibernateProperties">
			<props>
				<prop key="hibernate.dialect">org.hibernate.dialect.MySQLDialect</prop>
				<prop key="hibernate.hbm2ddl.auto">update</prop>
				<prop key="hibernate.show_sql">true</prop>
				<prop key="hibernate.format_sql">true</prop>
				
				<prop key="hibernate.c3p0.min_size">20</prop>
				<prop key="hibernate.c3p0.max_size">20</prop>
				<prop key="hibernate.c3p0.timeout">180000</prop>
				<prop key="hibernate.c3p0.max_statements">100</prop>
				
				<prop key="connection.pool_size">10</prop>
				<prop key="hibernate.dbcp.initialSize">50</prop>
				<prop key="hibernate.dbcp.maxActive">50</prop>
				<prop key="hibernate.dbcp.maxIdle">20</prop>
				<prop key="hibernate.dbcp.minIdle">0</prop>
			</props>
		</property>
	</bean>
 
 	<bean id="transactionManager" class="org.springframework.orm.hibernate3.HibernateTransactionManager">
		<property name="sessionFactory" ref="sessionFactory" />
	</bean>
	
	<bean id="multipartResolver" class="org.springframework.web.multipart.commons.CommonsMultipartResolver">
		<!-- one of the properties available; the maximum file size in bytes -->
		<property name="maxUploadSize" value="50000000">
		</property>
	</bean>

	<tx:annotation-driven />

</beans>
		